Gender,Country
Male,American
Male,American
Male,American
Male,American
Male,American
Male,American
Male,American
Male,American
Male,American
Male,American
Male,American
Male,American
Male,American
Male,American
Male,American
Male,American
Male,American
Male,American
Male,American
Male,American
Male,American
Male,American
Male,American
Male,American
Male,American
Male,American
Male,American
Male,American
Male,American
Male,American
Male,Japanese
Male,Japanese
Male,Japanese
Male,Japanese
Male,Japanese
Male,Japanese
Male,Japanese
Male,Japanese
Male,Japanese
Male,Japanese
Male,Japanese
Male,Japanese
Male,Japanese
Male,Japanese
Male,Japanese
Female,Japanese
Female,Japanese
Female,Japanese
Female,Japanese
Female,Japanese
Female,Japanese
Female,Japanese
Female,Japanese
Female,Japanese
Female,Japanese
Female,Japanese
Female,Japanese
Female,Japanese
Female,Japanese
Female,Japanese
Female,French
Female,French
Female,French
Female,French
Female,French
Female,French
Female,French
Female,French
Female,French
Female,French
Female,French
Female,French
Female,French
Female,French
Female,French
Female,French
Female,French
Female,French
Female,French
Female,French
Female,French
Female,French
Female,French
Female,French
Female,French
Female,French
Female,French
Female,French
Female,French
Female,French
